feature,coefficient,odds_ratio
num__rating_diff,0.8649641119042629,2.374920853060755
cat__user_color_white,0.22160161723134278,1.2480740676083992
cat__day_of_week_3,0.1760957789904484,1.1925522746337578
cat__tilt_proxy_True,0.128116293585847,1.1366851842070311
cat__day_of_week_6,0.12197727378945224,1.1297284270424803
cat__day_of_week_1,0.07310325602454375,1.0758416183082384
num__session_game_number,0.07005352069875873,1.0725655841776103
num__win_streak_before,0.030456627689981544,1.0309251754727842
cat__day_of_week_4,0.024533961977250655,1.0248373960205026
cat__day_of_week_2,0.00606988496915529,1.0060883440501915
num__break_after_previous,-0.028071155387739546,0.9723191785915598
num__hour_cos,-0.03896509769522554,0.9617842770485295
num__loss_streak_before,-0.08090978228904472,0.9222768934015962
num__hour_sin,-0.08748194270417058,0.9162354162354623
cat__day_of_week_5,-0.1488877802599342,0.8616658053862701
