model,term,coefficient,standard_error,ci_low,ci_high,odds_ratio,odds_ratio_ci_low,odds_ratio_ci_high,p_value,n_obs,player_clusters
A_unadjusted,Intercept,-0.763087180941992,0.07067031357228962,-0.9015984503198318,-0.6245759115641523,0.4662248824286228,0.4059202974628855,0.5354884748414375,3.523720241683874e-27,7500,15
A_unadjusted,tilt_proxy_int,0.5406456303586139,0.1708902899915204,0.2057068166676283,0.8755844440495995,1.7171151260365716,1.2283930068407833,2.4002777121359458,0.0015577721611786338,7500,15
B_opponent_player_adjusted,Intercept,-0.2918958161561682,0.03592066944895532,-0.3622990345766889,-0.22149259773564756,0.7468463412428431,0.6960741864669134,0.8013218537221739,4.4323540000140764e-16,7500,15
B_opponent_player_adjusted,C(player_id)[T.arseniii_nesterov],0.046492154895116766,0.010054657353144633,0.026785388606062457,0.06619892118417108,1.0475898605839655,1.0271473415848384,1.0684392312256086,3.7651474114227756e-06,7500,15
B_opponent_player_adjusted,C(player_id)[T.black_knight22],0.06999194330394265,0.01640162093554787,0.03784535698219068,0.10213852962569461,1.0724995404165893,1.0385706127656622,1.1075368877718605,1.9778241388106307e-05,7500,15
B_opponent_player_adjusted,C(player_id)[T.gepard2014],0.01964545987323295,0.014834797746293293,-0.009430209427437868,0.04872112917390377,1.0198397018257497,0.9906141155567655,1.0499275157566987,0.1854093112886247,7500,15
B_opponent_player_adjusted,C(player_id)[T.gmadham],0.05347141496616718,0.017669323174714573,0.018840177912527692,0.08810265201980667,1.05492683621729,1.0190187738946483,1.0921002225681036,0.0024762483322550597,7500,15
B_opponent_player_adjusted,C(player_id)[T.kayra_kamer],-0.13564495602039686,0.002611035938104032,-0.14076249242142053,-0.1305274196193732,0.8731525850306614,0.8686956089887267,0.8776324282716851,0.0,7500,15
B_opponent_player_adjusted,C(player_id)[T.kingdomino1],-0.1232695421278002,0.018481975560954496,-0.15949354859042048,-0.08704553566517992,0.8840253483709776,0.8525754676922205,0.9166353550821965,2.5629758243219472e-11,7500,15
B_opponent_player_adjusted,C(player_id)[T.kontrajako],0.021335371145008646,0.003054068478873153,0.01534950692009824,0.027321235369919053,1.02156459748308,1.0154679156643207,1.0276978826534824,2.830658952575974e-12,7500,15
B_opponent_player_adjusted,C(player_id)[T.maratgilfanovyoutube],0.06401923483525136,0.00597919770890722,0.052300222669348806,0.07573824700115392,1.0661129050703753,1.0536920372676615,1.0786801894269928,9.437647478707218e-27,7500,15
B_opponent_player_adjusted,C(player_id)[T.onepoundrook],-0.15581925107762892,0.007314045784057117,-0.1701545173956579,-0.14148398475959995,0.8557138457491781,0.8435344657771089,0.8680690778085327,1.039802691068462e-100,7500,15
B_opponent_player_adjusted,C(player_id)[T.roadto18thworldchamp],0.010365981573901433,0.004485281956222756,0.0015749904791974717,0.019156972668605395,1.0104198944866185,1.001576231428111,1.0193416448377735,0.020826760175194414,7500,15
B_opponent_player_adjusted,C(player_id)[T.sergiooliva64],-0.3061280263055268,0.018386382489249897,-0.3421646737904345,-0.2700913788206191,0.7362923486324732,0.7102312386086693,0.7633097408060221,3.0404726906197844e-62,7500,15
B_opponent_player_adjusted,C(player_id)[T.tonygazzo],0.06744062065555834,0.006894788572689532,0.05392708337206853,0.08095415793904814,1.0697667356644467,1.0554076425829075,1.084321187909408,1.3533801158485391e-22,7500,15
B_opponent_player_adjusted,C(player_id)[T.vladimirovich9000],0.07367846297505098,0.011939579921257899,0.050277316338847924,0.09707960961125404,1.076460627896976,1.0515626714550057,1.1019480957887282,6.788404317952994e-10,7500,15
B_opponent_player_adjusted,C(player_id)[T.yoseph2013],-0.11404159515161749,0.014319658956106457,-0.14210761097648258,-0.08597557932675241,0.8922208430493138,0.8675278959386865,0.9176166397626602,1.6658113097072522e-15,7500,15
B_opponent_player_adjusted,tilt_proxy_int,0.11532014750355661,0.11190524868208258,-0.1040101095943236,0.3346504046014368,1.1222326600513053,0.9012161864451079,1.3974517571123737,0.3027678526662839,7500,15
B_opponent_player_adjusted,rating_diff,-0.0046529234321627,0.00023769926065241487,-0.005118805422193232,-0.004187041442132168,0.9953578846465182,0.9948942733368916,0.9958217119946245,2.534641160561709e-85,7500,15
B_opponent_player_adjusted,color_black,0.16201181211537802,0.06272914158858495,0.03906495382063785,0.2849586704101182,1.1758741307998704,1.0398380229091,1.329707070737902,0.009802482625977603,7500,15
C_same_opponent_adjusted,Intercept,-0.30370919051531714,0.04630248107113797,-0.39446038580959514,-0.21295799522103914,0.7380754745924605,0.6740436646577307,0.8081900843493639,5.408188106263e-11,7500,15
C_same_opponent_adjusted,C(player_id)[T.arseniii_nesterov],0.02624144059560821,0.044642262072772644,-0.06125578525542459,0.113738666446641,1.0265887787602808,0.9405826218378865,1.1204592730165988,0.5566557330956424,7500,15
C_same_opponent_adjusted,C(player_id)[T.black_knight22],0.06625890901135191,0.01917724303222584,0.028672203345417563,0.10384561467728626,1.0685033264960133,1.0290872078370437,1.1094291621141545,0.0005501295465599579,7500,15
C_same_opponent_adjusted,C(player_id)[T.gepard2014],0.019316188757288494,0.014820597677568124,-0.009731648920103,0.04836402643467999,1.0195039533482164,0.9903155503422792,1.0495526507014883,0.19246076046532423,7500,15
C_same_opponent_adjusted,C(player_id)[T.gmadham],0.03284078125671577,0.049033419339841906,-0.06326295468822411,0.12894451720165567,1.033385991723199,0.9386966065596063,1.1376270036850609,0.5030087377040575,7500,15
C_same_opponent_adjusted,C(player_id)[T.kayra_kamer],-0.1359538272556644,0.002592690580447653,-0.14103540741639806,-0.13087224709493075,0.872882934958865,0.868458561279371,0.8773298486688552,0.0,7500,15
C_same_opponent_adjusted,C(player_id)[T.kingdomino1],-0.12273952133215553,0.018118211798566094,-0.15825056392161374,-0.08722847874269732,0.8844940243825357,0.8536358648197218,0.916467678327495,1.2494710105168443e-11,7500,15
C_same_opponent_adjusted,C(player_id)[T.kontrajako],0.03241092394416806,0.022316371350332223,-0.011328360168104595,0.07615020805644071,1.0329418786574351,0.9887355640905663,1.0791246552011549,0.14640752420118683,7500,15
C_same_opponent_adjusted,C(player_id)[T.maratgilfanovyoutube],0.05774536256704349,0.015237975194276063,0.027879479988947672,0.08761124514513931,1.0594451869572763,1.0282717496306335,1.0915636888498834,0.0001509087252067779,7500,15
C_same_opponent_adjusted,C(player_id)[T.onepoundrook],-0.17341932206186975,0.03774284329836312,-0.2473939356008004,-0.0994447085229391,0.8407849812243458,0.7808330350057623,0.9053400060708325,4.332467762029509e-06,7500,15
C_same_opponent_adjusted,C(player_id)[T.roadto18thworldchamp],0.01635926012911677,0.012116494866639491,-0.007388633428361078,0.04010715368659462,1.016493805511434,0.9926385954210087,1.040922306879353,0.17696325184591577,7500,15
C_same_opponent_adjusted,C(player_id)[T.sergiooliva64],-0.32348324940471207,0.04330007441804279,-0.4083498357919801,-0.23861666301744405,0.7236240789549518,0.6647462860966814,0.7877167854793323,7.974996090283998e-14,7500,15
C_same_opponent_adjusted,C(player_id)[T.tonygazzo],0.05046122484026555,0.03670370664003961,-0.02147671827333572,0.12239916795386682,1.0517560805543034,0.978752264246577,1.130205153430192,0.1691852716072647,7500,15
C_same_opponent_adjusted,C(player_id)[T.vladimirovich9000],0.05236424026326114,0.047599695327206086,-0.04092944825314229,0.14565792877966457,1.053759494255806,0.959896849958456,1.1568004122341997,0.2712902431002858,7500,15
C_same_opponent_adjusted,C(player_id)[T.yoseph2013],-0.10351722840234301,0.023224833166146642,-0.1490370649549418,-0.057997391849744236,0.9016604884383685,0.8615371814703445,0.9436524086208599,8.304542811680841e-06,7500,15
C_same_opponent_adjusted,tilt_proxy_int,0.11321256911796523,0.11202957586694566,-0.10636136478454586,0.3327865030204763,1.119869957418448,0.899099686400146,1.3948494705294037,0.3122272356788749,7500,15
C_same_opponent_adjusted,rating_diff,-0.004638487512368904,0.00024231058330430438,-0.005113407528718234,-0.004163567496019575,0.9953722536568217,0.9948996436846923,0.9958450881341937,1.112709035537106e-81,7500,15
C_same_opponent_adjusted,color_black,0.16176075060047576,0.06256105698781912,0.039143332069592404,0.2843781691313591,1.1755789511149375,1.039919526786556,1.3289353980831151,0.0097196681511636,7500,15
C_same_opponent_adjusted,same_opponent,0.03901222077435596,0.07993824664795036,-0.11766386364290646,0.19568830519161837,1.0397831905282644,0.888994825879772,1.2161477793025444,0.6255289615330337,7500,15
