player_id,difference_pp,ci_low_pp,ci_high_pp,tilt_observations,inference_status,selection_order
albornoz00,12.012288786482333,-4.915514592933951,29.433947772657415,35,existing_player_level_bootstrap_ci,7
arseniii_nesterov,13.612764340888944,-0.1736946519775255,28.0367017010679,53,existing_player_level_bootstrap_ci,4
black_knight22,25.20932337632949,,,9,descriptive_only,9
gepard2014,28.37599293909973,17.343060458958522,38.92321270962047,88,existing_player_level_bootstrap_ci,12
gmadham,13.418597779747587,-0.4600903296610559,27.74471318222109,53,existing_player_level_bootstrap_ci,13
kayra_kamer,-5.287114845938373,-23.599439775910362,14.320728291316525,24,existing_player_level_bootstrap_ci,2
kingdomino1,4.398625429553263,-16.632302405498283,29.142611683848774,15,existing_player_level_bootstrap_ci,1
kontrajako,-8.744021626117693,-22.177167810355584,5.957579538365559,42,existing_player_level_bootstrap_ci,11
maratgilfanovyoutube,6.350100981635432,-8.402611432060498,21.385092292517953,47,existing_player_level_bootstrap_ci,6
onepoundrook,21.70730796519661,8.865155532320102,35.04985249635909,61,existing_player_level_bootstrap_ci,10
roadto18thworldchamp,-13.308380120607193,-26.50291120815138,0.780307756290284,42,existing_player_level_bootstrap_ci,5
sergiooliva64,22.873011865690483,5.440545316839182,39.877871749558174,34,existing_player_level_bootstrap_ci,8
tonygazzo,-0.6162677810138906,-13.757228483390316,13.389050694356508,53,existing_player_level_bootstrap_ci,15
vladimirovich9000,9.669369931378663,-6.123934289873151,24.630900395092542,42,existing_player_level_bootstrap_ci,3
yoseph2013,22.52302681797364,7.175207368581754,37.846038369548616,43,existing_player_level_bootstrap_ci,14
