player_id,selected_decisive_games,total_games_in_window,decisive_games_in_window,draws_in_window,games,decisive_games,sessions,analysis_window_start,analysis_window_end,window_duration_days,tilt_observations,control_observations,tilt_loss_rate,control_loss_rate,difference_pp
albornoz00,500,542,500,42,542,500,170,2025-08-09T19:10:35+00:00,2026-09-28T23:59:59+00:00,415.2009722222222,35,465,0.4857142857142857,0.3655913978494624,12.012288786482333
arseniii_nesterov,500,549,500,49,549,500,76,2026-01-06T14:14:45+00:00,2026-09-28T23:59:59+00:00,265.40641203703706,53,447,0.4716981132075472,0.33557046979865773,13.612764340888944
black_knight22,500,533,500,33,533,500,233,2025-10-22T08:29:45+00:00,2026-09-28T23:59:59+00:00,341.6459953703704,9,491,0.5555555555555556,0.3034623217922607,25.20932337632949
gepard2014,500,526,500,26,526,500,67,2026-01-31T20:17:21+00:00,2026-09-28T23:59:59+00:00,240.1546064814815,88,412,0.6818181818181818,0.39805825242718446,28.37599293909973
gmadham,500,533,500,33,533,500,30,2026-09-01T17:29:07+00:00,2026-09-28T23:59:59+00:00,27.271435185185187,53,447,0.4339622641509434,0.29977628635346754,13.418597779747587
kayra_kamer,500,527,500,27,527,500,112,2025-12-18T09:26:57+00:00,2026-09-28T23:59:59+00:00,284.60627314814815,24,476,0.2916666666666667,0.3445378151260504,-5.287114845938373
kingdomino1,500,539,500,39,539,500,52,2020-09-13T16:23:56+00:00,2026-09-28T23:59:59+00:00,2206.3167013888888,15,485,0.26666666666666666,0.22268041237113403,4.398625429553263
kontrajako,500,532,500,32,532,500,15,2025-03-22T19:53:23+00:00,2026-09-28T23:59:59+00:00,555.17125,42,458,0.2619047619047619,0.34934497816593885,-8.744021626117693
maratgilfanovyoutube,500,535,500,35,535,500,80,2026-06-05T13:54:54+00:00,2026-09-28T23:59:59+00:00,115.42019675925926,47,453,0.425531914893617,0.3620309050772627,6.350100981635432
onepoundrook,500,546,500,46,546,500,42,2024-03-10T18:15:10+00:00,2026-09-28T23:59:59+00:00,932.2394560185185,61,439,0.5245901639344263,0.30751708428246016,21.70730796519661
roadto18thworldchamp,500,532,500,32,532,500,54,2026-08-14T13:31:20+00:00,2026-09-28T23:59:59+00:00,45.4365625,42,458,0.23809523809523808,0.37117903930131,-13.308380120607193
sergiooliva64,500,528,500,28,528,500,37,2026-01-16T16:30:47+00:00,2026-09-28T23:59:59+00:00,255.31194444444444,34,466,0.4411764705882353,0.21244635193133046,22.873011865690483
tonygazzo,500,547,500,47,547,500,25,2026-09-17T12:56:47+00:00,2026-09-28T23:59:59+00:00,11.460555555555555,53,447,0.3584905660377358,0.36465324384787473,-0.6162677810138906
vladimirovich9000,500,555,500,55,555,500,55,2025-10-22T16:38:14+00:00,2026-09-28T23:59:59+00:00,341.30677083333336,42,458,0.42857142857142855,0.3318777292576419,9.669369931378663
yoseph2013,500,519,500,19,519,500,11,2026-05-12T19:35:29+00:00,2026-09-28T23:59:59+00:00,139.18368055555555,43,457,0.4418604651162791,0.21663019693654267,22.52302681797364
