player_id,selection_order,total_games,decisive_games,sessions,tilt_n,control_n,tilt_loss_rate,control_loss_rate,difference_pp,difference_ci_low,difference_ci_high,odds_ratio,odds_ratio_ci_low,odds_ratio_ci_high,p_value,statistical_test,uncertainty_method,bootstrap_sessions,small_tilt_group,min_group_size_reference,inference_status,uncertainty_note
kingdomino1,1,539,500,52,15,485,0.26666666666666666,0.22268041237113403,4.398625429553263,-25.61760815437286,46.7403627372325,1.36145061109998,0.4484401626771314,4.13332239333574,0.7529092486330577,Fisher exact test,session_bootstrap,51,False,10,estimable,
kayra_kamer,2,527,500,112,24,476,0.2916666666666667,0.3445378151260504,-5.287114845938373,-30.04562367720352,13.993167387940323,0.8141554494138081,0.3390560164292192,1.954984025327199,0.5942122708374569,two-proportion z-test,session_bootstrap,108,False,10,estimable,
vladimirovich9000,3,555,500,55,42,458,0.42857142857142855,0.3318777292576419,9.669369931378663,-9.699601889194714,29.681165407958254,1.5176313148210103,0.8049193974716892,2.8614104902427293,0.20548654697472402,two-proportion z-test,session_bootstrap,51,False,10,estimable,
arseniii_nesterov,4,549,500,76,53,447,0.4716981132075472,0.33557046979865773,13.612764340888944,-2.745170911619111,29.782018881044074,1.7686658506731947,1.001129857532837,3.1246484837107475,0.049466745575359544,two-proportion z-test,session_bootstrap,75,False,10,estimable,
roadto18thworldchamp,5,532,500,54,42,458,0.23809523809523808,0.37117903930131,-13.308380120607193,-28.470639444039342,3.0207864825312933,0.5466726821565531,0.26581773230353134,1.1242704496289524,0.08548435908907263,two-proportion z-test,session_bootstrap,54,False,10,estimable,
maratgilfanovyoutube,6,535,500,80,47,453,0.425531914893617,0.3620309050772627,6.350100981635432,-14.647899006627732,19.53347665847665,1.3119093672285163,0.7177806657446992,2.3978163106918937,0.3902116936976531,two-proportion z-test,session_bootstrap,77,False,10,estimable,
albornoz00,7,542,500,170,35,465,0.4857142857142857,0.3655913978494624,12.012288786482333,-5.254168967844863,25.886927917620135,1.639454703970833,0.8303993029140443,3.236770210355427,0.1566657006971433,two-proportion z-test,session_bootstrap,164,False,10,estimable,
sergiooliva64,8,528,500,37,34,466,0.4411764705882353,0.21244635193133046,22.873011865690483,-8.188704725755146,36.91875076874893,2.935833011209896,1.4538496084317685,5.928478034950941,0.0021478772833984847,two-proportion z-test,session_bootstrap,37,False,10,estimable,
black_knight22,9,533,500,233,9,491,0.5555555555555556,0.3034623217922607,25.20932337632949,-14.987639208909368,59.91448628755796,2.8000743218134523,0.7938063214564256,9.876988877203654,0.1421192397732373,Fisher exact test,session_bootstrap,222,True,10,estimable,
onepoundrook,10,546,500,42,61,439,0.5245901639344263,0.30751708428246016,21.70730796519661,3.3904124531594886,37.96307667387446,2.475764588154356,1.4457170869260991,4.239702464187882,0.0007563956904573464,two-proportion z-test,session_bootstrap,41,False,10,estimable,
kontrajako,11,532,500,15,42,458,0.2619047619047619,0.34934497816593885,-8.744021626117693,-21.72630181708337,3.2505599362688375,0.6789793799139594,0.336499789396777,1.3700246266863203,0.2529168939421951,two-proportion z-test,session_bootstrap,15,False,10,estimable,
gepard2014,12,526,500,67,88,412,0.6818181818181818,0.39805825242718446,28.37599293909973,-4.063689294425812,38.426923307571144,3.2067935796939158,1.9706204090227883,5.218420054761141,1.1797637136396665e-06,two-proportion z-test,session_bootstrap,64,False,10,estimable,
gmadham,13,533,500,30,53,447,0.4339622641509434,0.29977628635346754,13.418597779747587,-1.3835583821243782,27.55528705787943,1.7959046864525565,1.0109113247437607,3.1904614815149857,0.04657384074238919,two-proportion z-test,session_bootstrap,30,False,10,estimable,
yoseph2013,14,519,500,11,43,457,0.4418604651162791,0.21663019693654267,22.52302681797364,-1.7121787375536952,39.22911058436432,2.8677058763203775,1.51983061429284,5.410956270879462,0.0008832206835162007,two-proportion z-test,session_bootstrap,11,False,10,estimable,
tonygazzo,15,547,500,25,53,447,0.3584905660377358,0.36465324384787473,-0.6162677810138906,-18.36632559627419,12.893414481897606,0.983512830740593,0.5464662081876999,1.770095705348953,0.929745422652076,two-proportion z-test,session_bootstrap,25,False,10,estimable,
