player_id,source_perftypes
abyssus,bullet
albornoz00,bullet
ambartsumiantyhran,bullet
amirreza_p,bullet
anatolypascua,bullet
angelitort,bullet
arkadiy_khromaev,bullet
arm-777777,bullet
aronyak1,bullet
arseniii_nesterov,bullet
artemchessru,bullet
babaramdev,bullet
barteljaap-jan,bullet
betterthenyesterday,bullet
bigellow,bullet
black_knight22,bullet
brightfalcon,bullet
caching,bullet
chess-art-us,bullet
chessmaster2006,bullet
dotorkal,bullet
dr_tiger,bullet
drmelekess,bullet
drop_stone,bullet
ediz_gurel,bullet
egorka_0,bullet
evgeny_levin,bullet
expertise64,bullet
eyesless18,bullet
fritzi_2003,bullet
gepard2014,bullet
glasnostperestroika,bullet
gmadham,bullet
gon_freecs123,bullet
graysonrorrer,bullet
heisenberg01,bullet
iamstraw,bullet
indianstar,bullet
jianghaochen,bullet
jumpingknight20,bullet
katarina0tp,bullet
kayra_kamer,bullet
kingdomino1,bullet
knightcheckshadow,bullet
konevrator,bullet
kontrajako,bullet
lastgladiator2,bullet
leonmendonca_yt,bullet
lintchevski_daniil,bullet
maniacalzerker,bullet
maratgilfanovyoutube,bullet
matviy2009,bullet
msb2,bullet
neverenough,bullet
night-king96,bullet
ohanyaneminchess,bullet
onepoundrook,bullet
parakon1,bullet
peak_skill,bullet
polyclinical,bullet
promacherrrr,bullet
qvagmire,bullet
rakitind,bullet
rannikv,bullet
redwarrior25,bullet
roadto18thworldchamp,bullet
rob188,bullet
rodosfatihi,bullet
romaa2011,bullet
secret_magnus,bullet
sergiooliva64,bullet
sgchess01,bullet
sid_2020,bullet
skarr_song,bullet
speedrunchessgames,bullet
steph30curry30,bullet
super_fanzhendong,bullet
svodmevko,bullet
tamojerry,bullet
targetgm,bullet
tarzansmurf,bullet
theoryspeedrun,bullet
tjychess,bullet
tonygazzo,bullet
tuntematon,bullet
tuzakli_egitim,bullet
tyoma888,bullet
ultra_d_instinct,bullet
ultraking1,bullet
vincentkeymer2004,bullet
vipplayer3000,bullet
vladimirovich9000,bullet
win_in_20_moves,bullet
wizard98,bullet
woshigeshagua,bullet
xuyl_1a,bullet
yoseph2013,bullet
yyoochess,bullet
zhalmakhanov_r,bullet
zhigalko_sergei,bullet
