player_id,selection_order,selected,eligible,available_decisive_games_before_cutoff,selected_decisive_games,games_fetched,games_in_raw_artifact,games_after_time_filter,decisive_60plus0_games,analysis_window_start,analysis_window_end,total_games_in_analysis_window,decisive_games_in_analysis_window,draws_in_analysis_window,window_duration_days,raw_data_reused,additional_fetch_required,eligibility_basis,time_control,cutoff_datetime,sampling_seed
kingdomino1,1,True,True,1063,500,0,1883,1163,1063,2020-09-13T16:23:56+00:00,2026-09-28T23:59:59+00:00,539,500,39,2206.3167013888888,True,False,latest_500_decisive_60+0_before_cutoff,60+0,2026-09-28T23:59:59Z,42
kayra_kamer,2,True,True,1872,500,0,3000,1980,1872,2025-12-18T09:26:57+00:00,2026-09-28T23:59:59+00:00,527,500,27,284.60627314814815,True,False,latest_500_decisive_60+0_before_cutoff,60+0,2026-09-28T23:59:59Z,42
vladimirovich9000,3,True,True,4535,500,0,5328,4979,4535,2025-10-22T16:38:14+00:00,2026-09-28T23:59:59+00:00,555,500,55,341.30677083333336,True,False,latest_500_decisive_60+0_before_cutoff,60+0,2026-09-28T23:59:59Z,42
arseniii_nesterov,4,True,True,2602,500,0,3000,2851,2602,2026-01-06T14:14:45+00:00,2026-09-28T23:59:59+00:00,549,500,49,265.40641203703706,True,False,latest_500_decisive_60+0_before_cutoff,60+0,2026-09-28T23:59:59Z,42
roadto18thworldchamp,5,True,True,2809,500,0,3000,2994,2809,2026-08-14T13:31:20+00:00,2026-09-28T23:59:59+00:00,532,500,32,45.4365625,True,False,latest_500_decisive_60+0_before_cutoff,60+0,2026-09-28T23:59:59Z,42
maratgilfanovyoutube,6,True,True,1849,500,0,3000,1962,1849,2026-06-05T13:54:54+00:00,2026-09-28T23:59:59+00:00,535,500,35,115.42019675925926,True,False,latest_500_decisive_60+0_before_cutoff,60+0,2026-09-28T23:59:59Z,42
albornoz00,7,True,True,2889,500,0,3236,3199,2889,2025-08-09T19:10:35+00:00,2026-09-28T23:59:59+00:00,542,500,42,415.2009722222222,True,False,latest_500_decisive_60+0_before_cutoff,60+0,2026-09-28T23:59:59Z,42
sergiooliva64,8,True,True,610,500,672,672,641,610,2026-01-16T16:30:47+00:00,2026-09-28T23:59:59+00:00,528,500,28,255.31194444444444,False,False,latest_500_decisive_60+0_before_cutoff,60+0,2026-09-28T23:59:59Z,42
black_knight22,9,True,True,917,500,1000,1000,987,917,2025-10-22T08:29:45+00:00,2026-09-28T23:59:59+00:00,533,500,33,341.6459953703704,False,False,latest_500_decisive_60+0_before_cutoff,60+0,2026-09-28T23:59:59Z,42
onepoundrook,10,True,True,530,500,0,623,576,530,2024-03-10T18:15:10+00:00,2026-09-28T23:59:59+00:00,546,500,46,932.2394560185185,True,False,latest_500_decisive_60+0_before_cutoff,60+0,2026-09-28T23:59:59Z,42
kontrajako,11,True,True,869,500,1000,1000,933,869,2025-03-22T19:53:23+00:00,2026-09-28T23:59:59+00:00,534,500,34,555.17125,False,False,latest_500_decisive_60+0_before_cutoff,60+0,2026-09-28T23:59:59Z,42
gepard2014,12,True,True,726,500,4000,4000,771,726,2026-01-31T20:17:21+00:00,2026-09-28T23:59:59+00:00,526,500,26,240.1546064814815,False,False,latest_500_decisive_60+0_before_cutoff,60+0,2026-09-28T23:59:59Z,42
gmadham,13,True,True,2801,500,0,3000,3000,2801,2026-09-01T17:29:07+00:00,2026-09-28T23:59:59+00:00,533,500,33,27.271435185185187,True,False,latest_500_decisive_60+0_before_cutoff,60+0,2026-09-28T23:59:59Z,42
yoseph2013,14,True,True,1961,500,0,3000,2054,1961,2026-05-12T19:35:29+00:00,2026-09-28T23:59:59+00:00,519,500,19,139.18368055555555,True,False,latest_500_decisive_60+0_before_cutoff,60+0,2026-09-28T23:59:59Z,42
tonygazzo,15,True,True,2786,500,0,3000,3000,2786,2026-09-17T12:56:47+00:00,2026-09-28T23:59:59+00:00,547,500,47,11.460555555555555,True,False,latest_500_decisive_60+0_before_cutoff,60+0,2026-09-28T23:59:59Z,42
