fold,train_start_idx,train_end_idx,test_start_idx,test_end_idx,train_start,train_end,test_start,test_end,model,n_train,n_test,roc_auc,log_loss,brier_score,train_n,test_n
1,0,300,300,380,2023-09-18 14:44:45+00:00,2026-05-20 20:20:32+00:00,2026-05-20 20:28:00+00:00,2026-05-22 21:42:52+00:00,rating_only,300,80,0.49530075187969924,0.6913276884800836,0.2490978099116845,300,80
1,0,300,300,380,2023-09-18 14:44:45+00:00,2026-05-20 20:20:32+00:00,2026-05-20 20:28:00+00:00,2026-05-22 21:42:52+00:00,baseline,300,80,0.4705513784461153,0.6916886682939065,0.2492700741013223,300,80
1,0,300,300,380,2023-09-18 14:44:45+00:00,2026-05-20 20:20:32+00:00,2026-05-20 20:28:00+00:00,2026-05-22 21:42:52+00:00,behavioral,300,80,0.5169172932330827,0.7383194610635148,0.26957017108331777,300,80
2,0,380,380,460,2023-09-18 14:44:45+00:00,2026-05-22 21:42:52+00:00,2026-05-22 21:45:45+00:00,2026-05-31 11:31:39+00:00,rating_only,380,80,0.5850383631713556,0.6902396826162548,0.24854250687134732,380,80
2,0,380,380,460,2023-09-18 14:44:45+00:00,2026-05-22 21:42:52+00:00,2026-05-22 21:45:45+00:00,2026-05-31 11:31:39+00:00,baseline,380,80,0.5607416879795397,0.6911104859636283,0.24898380591250202,380,80
2,0,380,380,460,2023-09-18 14:44:45+00:00,2026-05-22 21:42:52+00:00,2026-05-22 21:45:45+00:00,2026-05-31 11:31:39+00:00,behavioral,380,80,0.5121483375959079,0.7025214928610943,0.25430684954104926,380,80
3,0,460,460,540,2023-09-18 14:44:45+00:00,2026-05-31 11:31:39+00:00,2026-05-31 11:44:33+00:00,2026-08-09 20:56:36+00:00,rating_only,460,80,0.5390624999999999,0.693661672173687,0.250246194344428,460,80
3,0,460,460,540,2023-09-18 14:44:45+00:00,2026-05-31 11:31:39+00:00,2026-05-31 11:44:33+00:00,2026-08-09 20:56:36+00:00,baseline,460,80,0.5286458333333334,0.6890170106800998,0.2479359974427028,460,80
3,0,460,460,540,2023-09-18 14:44:45+00:00,2026-05-31 11:31:39+00:00,2026-05-31 11:44:33+00:00,2026-08-09 20:56:36+00:00,behavioral,460,80,0.484375,0.7097418888676821,0.25805848341621174,460,80
4,0,540,540,620,2023-09-18 14:44:45+00:00,2026-08-09 20:56:36+00:00,2026-08-09 21:09:59+00:00,2026-09-11 11:08:11+00:00,rating_only,540,80,0.5681818181818181,0.6902854396109779,0.24857100383514572,540,80
4,0,540,540,620,2023-09-18 14:44:45+00:00,2026-08-09 20:56:36+00:00,2026-08-09 21:09:59+00:00,2026-09-11 11:08:11+00:00,baseline,540,80,0.598800505050505,0.6896371404533278,0.2482538890279356,540,80
4,0,540,540,620,2023-09-18 14:44:45+00:00,2026-08-09 20:56:36+00:00,2026-08-09 21:09:59+00:00,2026-09-11 11:08:11+00:00,behavioral,540,80,0.6521464646464646,0.6731923610848174,0.2402911599701177,540,80
